RMSE,MAE,MAPE
37.74398063675451,30.066702560276763,69.64656499422132
