RMSE,MAE,MAPE
37.760323340903454,30.086703957758967,69.73629255944986
