RMSE,MAE,MAPE
37.753676401300034,30.079042488027646,69.70595190425341
